source_case,similar_case,similarity_score,method,citation_link,source_case_topic
62013CO0289,62013CO0288,0.9700255954757655,tfidf,False,public health
62013CO0289,62013CO0290,0.9451701339872133,tfidf,False,public health
62013CO0289,62013CO0287,0.801598775540541,tfidf,False,public health
62013CO0289,62015CJ0323,0.4948967702641947,tfidf,False,public health
62013CO0289,62015CJ0324,0.47745277112876144,tfidf,False,public health
62013CO0289,62017CJ0419,0.4104876839837836,tfidf,False,public health
62013CO0289,62014CJ0106,0.40401001629480277,tfidf,False,public health
62013CO0289,62011CJ0626,0.3933553653511666,tfidf,False,public health
62013CO0289,62011CJ0625,0.3670664106817697,tfidf,False,public health
62013CO0289,62015CJ0650,0.33948879211757804,tfidf,False,public health
62013CO0289,62012CJ0295,0.3163682074766424,tfidf,False,public health
62013CO0289,62015CJ0535,0.315112066972613,tfidf,False,public health
62013CO0289,62013CJ0609,0.3024362960709818,tfidf,False,public health
62013CO0289,62014CJ0472,0.285509080494557,tfidf,False,public health
62013CO0289,62013CO0199,0.2854668773852454,tfidf,False,public health
62013CO0289,62015CO0264,0.277413341633528,tfidf,False,public health
62013CO0289,62017CJ0236,0.27141226924011713,tfidf,False,public health
62013CO0289,62017CJ0373,0.25941203650907085,tfidf,False,public health
62013CO0289,62016CO0170,0.25563632280451737,tfidf,False,public health
62013CO0289,62013CJ0611,0.25040765218578453,tfidf,False,public health
62013CJ0011,62009CJ0229,0.7785958834137793,tfidf,True,public health
62013CJ0011,62012CJ0210,0.7407322124949222,tfidf,False,public health
62013CJ0011,61999CJ0258,0.6430203468187625,tfidf,False,public health
62013CJ0011,61998CJ0306,0.4868799908295696,tfidf,False,public health
62013CJ0011,62004CJ0316,0.48399637645721344,tfidf,False,public health
62013CJ0011,62005CJ0138,0.48057474305306314,tfidf,False,public health
62013CJ0011,62016CJ0293,0.46276834199795863,tfidf,False,public health
62013CJ0011,61996CJ0100,0.4612297455269262,tfidf,False,public health
62013CJ0011,62006CJ0201,0.4532827354858711,tfidf,False,public health
62013CJ0011,61996CJ0400,0.43738671137411145,tfidf,False,public health
62013CJ0011,62004CJ0431,0.4309441084221903,tfidf,True,public health
62013CJ0011,61988CJ0125,0.4163261166154016,tfidf,False,public health
62013CJ0011,62013CJ0108,0.4143370951311542,tfidf,False,public health
62013CJ0011,62010CJ0322,0.4053996139473091,tfidf,False,public health
62013CJ0011,62011CO0574,0.40401790281381655,tfidf,False,public health
62013CJ0011,62011CO0442,0.40326972926349197,tfidf,False,public health
62013CJ0011,62016CJ0325,0.3847555948353713,tfidf,False,public health
62013CJ0011,62016CJ0492,0.3809923661262592,tfidf,False,public health
62013CJ0011,62006CJ0361,0.38012419877190906,tfidf,False,public health
62013CJ0011,62011CO0006,0.3756722124711409,tfidf,False,public health
62011CJ0308,62007CJ0140,0.5327177479018362,tfidf,True,public health
62011CJ0308,62008CJ0027,0.4678168336051505,tfidf,True,public health
62011CJ0308,62012CJ0109,0.4420590795193264,tfidf,False,public health
62011CJ0308,62013CJ0358,0.42864555293536866,tfidf,False,public health
62011CJ0308,61989CJ0112,0.42849818947779705,tfidf,False,public health
62011CJ0308,62005CJ0319,0.40778362212758495,tfidf,False,public health
62011CJ0308,61985CJ0035,0.37966248431350597,tfidf,False,public health
62011CJ0308,62017CJ0527,0.3794315546531897,tfidf,False,public health
62011CJ0308,61988CJ0369,0.37690732845165054,tfidf,False,public health
62011CJ0308,62007CJ0527,0.34252951810930327,tfidf,False,public health
62011CJ0308,62013CJ0104,0.3341454775521168,tfidf,False,public health
62011CJ0308,61989CJ0060,0.33245668926879346,tfidf,False,public health
62011CJ0308,62010CJ0185,0.3317869349881209,tfidf,False,public health
62011CJ0308,61982CJ0227,0.3255570688155445,tfidf,False,public health
62011CJ0308,62013CJ0544,0.3216665752545786,tfidf,False,public health
62011CJ0308,61991CJ0219,0.32083858158038114,tfidf,False,public health
62011CJ0308,62007CJ0088,0.3206165709873711,tfidf,False,public health
62011CJ0308,62003CJ0211,0.31652630976608315,tfidf,False,public health
62011CJ0308,62009CJ0249,0.3163335265356541,tfidf,False,public health
62011CJ0308,62016CJ0557,0.315716125370835,tfidf,False,public health
61988CJ0070,61987CJ0302,0.6273248162395129,tfidf,True,public health
61988CJ0070,61988CJ0070(01),0.48479980868608197,tfidf,True,public health
61988CJ0070,61990CJ0065,0.41485112160141974,tfidf,False,public health
61988CJ0070,61993CJ0065,0.40605666266794793,tfidf,False,public health
61988CJ0070,61991CJ0181,0.398075699086833,tfidf,False,public health
61988CJ0070,61981CJ0230,0.3945310643098902,tfidf,False,public health
61988CJ0070,61993CJ0417,0.3822167241105663,tfidf,False,public health
61988CJ0070,61985CO0078,0.3810884006269094,tfidf,False,public health
61988CJ0070,61988CJ0213,0.3770728917295411,tfidf,False,public health
61988CJ0070,61990CJ0295,0.3654730218830837,tfidf,False,public health
61988CJ0070,61991CJ0314,0.3579176056792755,tfidf,False,public health
61988CJ0070,62013CJ0540,0.3459969907276545,tfidf,False,public health
61988CJ0070,61984CJ0038,0.3410193173676192,tfidf,False,public health
61988CJ0070,61991CJ0316,0.3405867851894673,tfidf,False,public health
61988CJ0070,61985CJ0358,0.33783406704541014,tfidf,False,public health
61988CJ0070,61987CJ0377,0.32689291731873366,tfidf,False,public health
61988CJ0070,61985CO0358,0.3221759405617863,tfidf,False,public health
61988CJ0070,61994CJ0021,0.3218387409516754,tfidf,False,public health
61988CJ0070,62003CJ0208,0.3198837028843461,tfidf,False,public health
61988CJ0070,62003CO0208,0.3198766516213605,tfidf,False,public health
62009CO0085,62015CJ0219,0.2568995637347814,tfidf,False,public health
62009CO0085,61998CJ0237,0.25001860103955953,tfidf,False,public health
62009CO0085,62012CJ0277,0.24420317155251076,tfidf,False,public health
62009CO0085,62001CJ0062,0.24309240344526722,tfidf,False,public health
62009CO0085,61998CJ0257,0.23810073593341063,tfidf,False,public health
62009CO0085,62011CJ0219,0.23763608794900382,tfidf,False,public health
62009CO0085,62014CJ0350,0.23691195158147937,tfidf,False,public health
62009CO0085,62005CO0230,0.23409270154790549,tfidf,False,public health
62009CO0085,62012CJ0371,0.22766081331066315,tfidf,False,public health
62009CO0085,62008CJ0285,0.22710847276549137,tfidf,False,public health
62009CO0085,61999CJ0203,0.22705783647457747,tfidf,False,public health
62009CO0085,62012CJ0022,0.2253035704096156,tfidf,False,public health
62009CO0085,62006CJ0489,0.22493790964583793,tfidf,False,public health
62009CO0085,62007CO0100,0.22423183112315048,tfidf,False,public health
62009CO0085,62007CJ0481,0.22371216685550094,tfidf,False,public health
62009CO0085,62005CO0172,0.2229400032539087,tfidf,False,public health
62009CO0085,62015CJ0662,0.21974793982907426,tfidf,False,public health
62009CO0085,62011CO0272,0.21874029736927547,tfidf,False,public health
62009CO0085,62008CJ0419,0.2099733727130465,tfidf,False,public health
62009CO0085,62000CJ0154,0.2097339569519265,tfidf,False,public health
62010CJ0265,62015CJ0535,0.42041342298575407,tfidf,False,public health
62010CJ0265,62003CJ0178,0.3966043288132348,tfidf,False,public health
62010CJ0265,62014CJ0472,0.3509054404723183,tfidf,False,public health
62010CJ0265,62014CJ0106,0.33641477967028743,tfidf,False,public health
62010CJ0265,62007CJ0558,0.3077670206916172,tfidf,False,public health
62010CJ0265,62008CJ0282,0.28634479254030043,tfidf,False,public health
62010CJ0265,62008CJ0321,0.27470025120157215,tfidf,False,public health
62010CJ0265,62006CJ0528,0.26943989256812023,tfidf,False,public health
62010CJ0265,62010CJ0233,0.26178629553891314,tfidf,False,public health
62010CJ0265,61994CJ0236,0.2611504168669706,tfidf,False,public health
62010CJ0265,62005CJ0353,0.25981748356764,tfidf,False,public health
62010CJ0265,62006CJ0054,0.2580486330494924,tfidf,False,public health
62010CJ0265,62008CJ0490,0.25794173630405093,tfidf,False,public health
62010CJ0265,62015CJ0323,0.2560686769732184,tfidf,False,public health
62010CJ0265,62006CJ0049,0.2536393688723273,tfidf,False,public health
62010CJ0265,62007CJ0294,0.25266342935494723,tfidf,False,public health
62010CJ0265,62005CJ0118,0.24947840360115323,tfidf,False,public health
62010CJ0265,62010CJ0127,0.249392121453354,tfidf,False,public health
62010CJ0265,62006CJ0327,0.2483639559816478,tfidf,False,public health
62010CJ0265,62007CJ0093,0.2479264581363163,tfidf,False,public health
62016CJ0426,62013CJ0402,0.3502758579342491,tfidf,False,public health
62016CJ0426,61977CJ0147,0.27175862098665565,tfidf,False,public health
62016CJ0426,62007CJ0416,0.2629302999999631,tfidf,False,public health
62016CJ0426,61999CJ0507,0.26008815184331585,tfidf,False,public health
62016CJ0426,62005CJ0045,0.2543674970746869,tfidf,False,public health
62016CJ0426,62004CJ0504,0.23480952855661882,tfidf,False,public health
62016CJ0426,61997CJ0350,0.22535929970662247,tfidf,False,public health
62016CJ0426,61999CJ0428,0.2154164317021101,tfidf,False,public health
62016CJ0426,62001CJ0220,0.21169419931328337,tfidf,False,public health
62016CJ0426,61994CJ0005,0.19789984300711533,tfidf,False,public health
62016CJ0426,62012CJ0101,0.19147708397848207,tfidf,True,public health
62016CJ0426,61986CJ0061,0.18176171411355185,tfidf,False,public health
62016CJ0426,62001CJ0126,0.17854708602679292,tfidf,False,public health
62016CJ0426,62007CJ0430,0.17672440368051426,tfidf,False,public health
62016CJ0426,61985CJ0086,0.17367255025539569,tfidf,False,public health
62016CJ0426,61988CJ0181,0.1724951580299786,tfidf,False,public health
62016CJ0426,62017CJ0056,0.17215121144288956,tfidf,True,public health
62016CJ0426,62006CJ0455,0.17142795278908712,tfidf,False,public health
62016CJ0426,62000CJ0131,0.1711479119737802,tfidf,False,public health
62016CJ0426,62003CJ0096,0.16976143034605287,tfidf,False,public health
62006CJ0037,62006CJ0096,0.8457022634321831,tfidf,True,public health
62006CJ0037,62009CJ0485,0.7407075818858391,tfidf,True,public health
62006CJ0037,62006CJ0455,0.7121845295883772,tfidf,False,public health
62006CJ0037,62006CJ0207,0.6297733905615449,tfidf,True,public health
62006CJ0037,62014CJ0469,0.5109960063339427,tfidf,False,public health
62006CJ0037,62005CJ0300,0.4978442858822029,tfidf,False,public health
62006CJ0037,62006CJ0491,0.4224698906676975,tfidf,True,public health
62006CJ0037,62010CJ0316,0.40738915088571237,tfidf,False,public health
62006CJ0037,61997CJ0350,0.40423354077851503,tfidf,False,public health
62006CJ0037,62007CJ0416,0.39946941312216167,tfidf,False,public health
62006CJ0037,61988CJ0304,0.3683142374419638,tfidf,False,public health
62006CJ0037,62013CJ0424,0.3557234932453547,tfidf,True,public health
62006CJ0037,62000CJ0131,0.3453905257963638,tfidf,False,public health
62006CJ0037,62008CJ0562,0.3387463038474739,tfidf,False,public health
62006CJ0037,62016CJ0383,0.33254576570221916,tfidf,False,public health
62006CJ0037,62006CJ0277,0.31826933070115815,tfidf,True,public health
62006CJ0037,61985CJ0086,0.30799785016672854,tfidf,False,public health
62006CJ0037,61995CJ0054,0.3032611978305095,tfidf,False,public health
62006CJ0037,61982CJ0292,0.302818681281824,tfidf,False,public health
62006CJ0037,62000CJ0063,0.2991364727803094,tfidf,False,public health
62009CJ0523,62015CJ0112,0.4773569019247701,tfidf,False,public health
62009CJ0523,62016CJ0519,0.4504029265978148,tfidf,False,public health
62009CJ0523,62007CJ0331,0.4383044524825983,tfidf,False,public health
62009CJ0523,62007CJ0270,0.396780732182327,tfidf,True,public health
62009CJ0523,61997CJ0374,0.3144993616538652,tfidf,False,public health
62009CJ0523,62007CJ0309,0.2988297004536672,tfidf,False,public health
62009CJ0523,62011CJ0636,0.2544411806613075,tfidf,False,public health
62009CJ0523,61998CJ0214,0.2388754538474302,tfidf,False,public health
62009CJ0523,62012CJ0427,0.22776482740253443,tfidf,False,public health
62009CJ0523,61991CJ0156,0.22748590076765243,tfidf,False,public health
62009CJ0523,62001CJ0423,0.21102016223721998,tfidf,False,public health
62009CJ0523,62005CJ0216,0.19924439148192785,tfidf,False,public health
62009CJ0523,61976CJ0046,0.1988679375741135,tfidf,False,public health
62009CJ0523,62000CJ0284,0.1985282720446796,tfidf,False,public health
62009CJ0523,62007CJ0430,0.19281203380816614,tfidf,False,public health
62009CJ0523,62013CJ0402,0.1889453880491454,tfidf,False,public health
62009CJ0523,61987CJ0018,0.18306395928815677,tfidf,False,public health
62009CJ0523,62010CJ0284,0.18129401749231036,tfidf,False,public health
62009CJ0523,61999CJ0221,0.1778462350503281,tfidf,False,public health
62009CJ0523,62006CJ0181,0.17766412984917476,tfidf,False,public health
62003CJ0061,62004CJ0065,0.6030645067179646,tfidf,True,public health
62003CJ0061,62008CJ0115,0.5651680523507203,tfidf,True,public health
62003CJ0061,62014CJ0048,0.48427550810790426,tfidf,False,public health
62003CJ0061,62004CJ0123,0.4515241370578028,tfidf,False,public health
62003CJ0061,61987CJ0187,0.41846568462785433,tfidf,True,public health
62003CJ0061,62001CJ0483,0.38224903745231065,tfidf,False,public health
62003CJ0061,62014CJ0005,0.3758107778082426,tfidf,False,public health
62003CJ0061,62001CJ0484,0.3681755389499898,tfidf,False,public health
62003CJ0061,62002CJ0218,0.36756584338706483,tfidf,False,public health
62003CJ0061,62003CJ0177,0.34917750530314295,tfidf,False,public health
62003CJ0061,62010CJ0490,0.33832008238618644,tfidf,False,public health
62003CJ0061,61999CJ0029,0.31775422944260917,tfidf,False,public health
62003CJ0061,62001CJ0186,0.26855774182407544,tfidf,False,public health
62003CJ0061,62005CJ0294,0.26571720719446057,tfidf,False,public health
62003CJ0061,62006CJ0038,0.25439345026851945,tfidf,False,public health
62003CJ0061,62005CJ0461,0.25307206575609936,tfidf,False,public health
62003CJ0061,61988CJ0070(01),0.24492520627355968,tfidf,False,public health
62003CJ0061,61969CJ0015,0.24312257478059296,tfidf,False,public health
62003CJ0061,62010CO0205,0.2422415731766617,tfidf,False,public health
62003CJ0061,62013CJ0606,0.23646723078855264,tfidf,False,public health
62013CO0289,62013CO0288,0.9700255954757655,tfidf,False,public health
62013CO0289,62013CO0290,0.9451701339872133,tfidf,False,public health
62013CO0289,62013CO0287,0.801598775540541,tfidf,False,public health
62013CO0289,62015CJ0323,0.4948967702641947,tfidf,False,public health
62013CO0289,62015CJ0324,0.47745277112876144,tfidf,False,public health
62013CO0289,62017CJ0419,0.4104876839837836,tfidf,False,public health
62013CO0289,62014CJ0106,0.40401001629480277,tfidf,False,public health
62013CO0289,62011CJ0626,0.3933553653511666,tfidf,False,public health
62013CO0289,62011CJ0625,0.3670664106817697,tfidf,False,public health
62013CO0289,62015CJ0650,0.33948879211757804,tfidf,False,public health
62013CO0289,62012CJ0295,0.3163682074766424,tfidf,False,public health
62013CO0289,62015CJ0535,0.315112066972613,tfidf,False,public health
62013CO0289,62013CJ0609,0.3024362960709818,tfidf,False,public health
62013CO0289,62014CJ0472,0.285509080494557,tfidf,False,public health
62013CO0289,62013CO0199,0.2854668773852454,tfidf,False,public health
62013CO0289,62015CO0264,0.277413341633528,tfidf,False,public health
62013CO0289,62017CJ0236,0.27141226924011713,tfidf,False,public health
62013CO0289,62017CJ0373,0.25941203650907085,tfidf,False,public health
62013CO0289,62016CO0170,0.25563632280451737,tfidf,False,public health
62013CO0289,62013CJ0611,0.25040765218578453,tfidf,False,public health
62016CO0666,62016CO0663,0.9859930021571508,tfidf,False,public health
62016CO0666,62011CJ0626,0.33719189308686637,tfidf,False,public health
62016CO0666,62011CJ0625,0.3006591201145688,tfidf,False,public health
62016CO0666,62017CJ0419,0.2470318946892253,tfidf,False,public health
62016CO0666,62013CO0287,0.20721497722822466,tfidf,False,public health
62016CO0666,62013CO0288,0.2036204057074931,tfidf,False,public health
62016CO0666,62009CJ0197,0.20261971221819736,tfidf,False,public health
62016CO0666,62016CJ0122,0.19546704114237418,tfidf,False,public health
62016CO0666,62015CJ0650,0.1950474625671653,tfidf,False,public health
62016CO0666,62013CO0289,0.19358410911609222,tfidf,False,public health
62016CO0666,62015CJ0323,0.19183567507692043,tfidf,False,public health
62016CO0666,62013CO0290,0.1878791371028673,tfidf,False,public health
62016CO0666,62015CJ0324,0.18572756673221585,tfidf,False,public health
62016CO0666,62017CO0714,0.18572195697337032,tfidf,False,public health
62016CO0666,62016CJ0339,0.18330309361369054,tfidf,False,public health
62016CO0666,62016CJ0337,0.18317585042811238,tfidf,False,public health
62016CO0666,62016CJ0338,0.1829530409811476,tfidf,False,public health
62016CO0666,62017CO0401,0.18215983735607236,tfidf,False,public health
62016CO0666,62014CO0602,0.17278777845129736,tfidf,False,public health
62016CO0666,62016CO0401,0.16990836622638228,tfidf,False,public health
62016CO0663,62016CO0666,0.9859930021571508,tfidf,False,public health
62016CO0663,62011CJ0626,0.3112384094448011,tfidf,False,public health
62016CO0663,62011CJ0625,0.27678878455615324,tfidf,False,public health
62016CO0663,62017CJ0419,0.2287763597733288,tfidf,False,public health
62016CO0663,62013CO0287,0.189168513461829,tfidf,False,public health
62016CO0663,62009CJ0197,0.187642446592095,tfidf,False,public health
62016CO0663,62013CO0288,0.18572001354753767,tfidf,False,public health
62016CO0663,62016CJ0122,0.18048363104736043,tfidf,False,public health
62016CO0663,62015CJ0650,0.18041616394752513,tfidf,False,public health
62016CO0663,62015CJ0323,0.17737646949691824,tfidf,False,public health
62016CO0663,62013CO0289,0.17657666515893292,tfidf,False,public health
62016CO0663,62017CO0714,0.1719392792093157,tfidf,False,public health
62016CO0663,62015CJ0324,0.17167189984863962,tfidf,False,public health
62016CO0663,62013CO0290,0.17136177662894117,tfidf,False,public health
62016CO0663,62016CJ0339,0.169555130607805,tfidf,False,public health
62016CO0663,62016CJ0337,0.16943739481873943,tfidf,False,public health
62016CO0663,62016CJ0338,0.1692310638511235,tfidf,False,public health
62016CO0663,62017CO0401,0.168678913682732,tfidf,False,public health
62016CO0663,62014CO0602,0.15991417651150558,tfidf,False,public health
62016CO0663,62016CO0401,0.15740457736822086,tfidf,False,public health
62009CO0069,62007CO0277,0.8418603293763118,tfidf,False,public health
62009CO0069,62016CJ0293,0.3908199258967577,tfidf,False,public health
62009CO0069,62006CJ0361,0.3757037677584636,tfidf,False,public health
62009CO0069,62011CO0584,0.3681461672284197,tfidf,False,public health
62009CO0069,62004CJ0316,0.36752965711160057,tfidf,False,public health
62009CO0069,62005CJ0138,0.3551163869840416,tfidf,False,public health
62009CO0069,62008CO0517,0.3536666371793268,tfidf,False,public health
62009CO0069,61998CJ0306,0.35059488349605755,tfidf,False,public health
62009CO0069,62003CJ0131,0.34458674203684647,tfidf,False,public health
62009CO0069,62012CJ0295,0.33608923305265576,tfidf,False,public health
62009CO0069,62016CJ0325,0.3312739840085347,tfidf,False,public health
62009CO0069,62013CJ0609,0.32718453539422404,tfidf,False,public health
62009CO0069,62016CO0170,0.32505427985312624,tfidf,False,public health
62009CO0069,62011CJ0583,0.3078379920345609,tfidf,False,public health
62009CO0069,62015CO0517,0.30322625555039073,tfidf,False,public health
62009CO0069,62007CO0163,0.30188259300190523,tfidf,False,public health
62009CO0069,62017CJ0373,0.3015339060084868,tfidf,False,public health
62009CO0069,62015CO0264,0.30145736049693117,tfidf,False,public health
62009CO0069,62012CJ0132,0.2999065282638901,tfidf,False,public health
62009CO0069,62015CJ0086,0.2975415670194859,tfidf,False,public health
62009CJ0012,62009CJ0008,0.9406379280981995,tfidf,False,public health
62009CJ0012,62009CJ0009,0.7557295108817478,tfidf,False,public health
62009CJ0012,62009CJ0013,0.5914935733234101,tfidf,False,public health
62009CJ0012,62014CJ0029,0.5596087386086773,tfidf,False,public health
62009CJ0012,62009CJ0007,0.5285185375437998,tfidf,False,public health
62009CJ0012,62010CJ0127,0.45307433926160134,tfidf,False,public health
62009CJ0012,62006CJ0528,0.4429817013086603,tfidf,False,public health
62009CJ0012,62007CJ0268,0.44296109008428514,tfidf,False,public health
62009CJ0012,62007CJ0284,0.43426681279322626,tfidf,False,public health
62009CJ0012,62007CJ0273,0.4330228417012813,tfidf,False,public health
62009CJ0012,62007CJ0395,0.4236273767164935,tfidf,False,public health
62009CJ0012,62010CJ0035,0.42332456511429084,tfidf,False,public health
62009CJ0012,62005CJ0118,0.42245239168277837,tfidf,False,public health
62009CJ0012,62007CJ0328,0.41146282096597464,tfidf,False,public health
62009CJ0012,62007CJ0040,0.40347215205792797,tfidf,False,public health
62009CJ0012,62008CJ0143,0.40325355869241475,tfidf,False,public health
62009CJ0012,62008CJ0505,0.4010671444236289,tfidf,False,public health
62009CJ0012,62007CJ0259,0.39352077779760275,tfidf,False,public health
62009CJ0012,62007CJ0090,0.3887542561280311,tfidf,False,public health
62009CJ0012,62007CJ0034,0.385700246087005,tfidf,False,public health
62004CJ0504,62008CJ0562,0.5310650174368721,tfidf,False,public health
62004CJ0504,61996CJ0180,0.4348708885194474,tfidf,False,public health
62004CJ0504,62011CJ0601,0.4328753201015213,tfidf,True,public health
62004CJ0504,61996CO0180,0.4162516889227181,tfidf,False,public health
62004CJ0504,62007CJ0430,0.41301352872565683,tfidf,False,public health
62004CJ0504,61999CJ0507,0.3997408270994252,tfidf,False,public health
62004CJ0504,61996CJ0157,0.3951151748106999,tfidf,True,public health
62004CJ0504,61999CJ0428,0.36067946862846045,tfidf,False,public health
62004CJ0504,62009CJ0346,0.3486944087900257,tfidf,False,public health
62004CJ0504,62005CJ0045,0.34595745130854266,tfidf,False,public health
62004CJ0504,62001CJ0220,0.3372165743597983,tfidf,False,public health
62004CJ0504,62003CJ0096,0.3354197605501639,tfidf,True,public health
62004CJ0504,62015CJ0270,0.3277779845513553,tfidf,False,public health
62004CJ0504,61999CJ0365,0.31415091050704774,tfidf,False,public health
62004CJ0504,62012CJ0101,0.2983706780619022,tfidf,True,public health
62004CJ0504,61999CO0514,0.2973061351997403,tfidf,False,public health
62004CJ0504,61988CJ0304,0.2928490812385534,tfidf,False,public health
62004CJ0504,62002CJ0286,0.29233906162615486,tfidf,False,public health
62004CJ0504,61997CJ0350,0.28846461996286143,tfidf,False,public health
62004CJ0504,61997CJ0269,0.2766000673701075,tfidf,False,public health
62017CJ0419,62015CJ0323,0.6229123297612138,tfidf,False,public health
62017CJ0419,62015CJ0324,0.6132058755297088,tfidf,False,public health
62017CJ0419,62011CJ0626,0.5650322321607412,tfidf,False,public health
62017CJ0419,62014CJ0106,0.5172254236665532,tfidf,False,public health
62017CJ0419,62011CJ0625,0.4645646925180476,tfidf,False,public health
62017CJ0419,62013CO0287,0.4322368813113097,tfidf,False,public health
62017CJ0419,62013CO0288,0.4310319188364284,tfidf,False,public health
62017CJ0419,62015CJ0650,0.42100675513892216,tfidf,False,public health
62017CJ0419,62013CO0289,0.4104876839837836,tfidf,False,public health
62017CJ0419,62013CO0290,0.3961372539913835,tfidf,False,public health
62017CJ0419,62014CJ0472,0.3788708515059775,tfidf,False,public health
62017CJ0419,62015CJ0535,0.36960956147428775,tfidf,False,public health
62017CJ0419,61985CJ0278,0.27753403385837755,tfidf,False,public health
62017CJ0419,61998CJ0152,0.2555300115528241,tfidf,False,public health
62017CJ0419,62016CO0666,0.2470318946892253,tfidf,False,public health
62017CJ0419,61997CJ0207,0.2461973236575552,tfidf,False,public health
62017CJ0419,62007CJ0558,0.24406795035174814,tfidf,False,public health
62017CJ0419,62016CJ0244,0.24212398300737878,tfidf,False,public health
62017CJ0419,62010CJ0015,0.23916927451705344,tfidf,False,public health
62017CJ0419,62016CJ0384,0.23379071323108494,tfidf,False,public health
62013CJ0673,62014CJ0442,0.717716387211876,tfidf,False,public health
62013CJ0673,62015CJ0060,0.48784310615421067,tfidf,True,public health
62013CJ0673,62011CJ0514,0.43168651209572806,tfidf,False,public health
62013CJ0673,62009CJ0266,0.3999691362718265,tfidf,False,public health
62013CJ0673,62015CJ0457,0.3865600237266289,tfidf,False,public health
62013CJ0673,62012CJ0404,0.3694756432894896,tfidf,False,public health
62013CJ0673,62014CJ0148,0.3513481874328794,tfidf,False,public health
62013CJ0673,62015CJ0460,0.3366718793024433,tfidf,False,public health
62013CJ0673,62009CJ0204,0.3351608902884108,tfidf,False,public health
62013CJ0673,62012CJ0401,0.3182707947280164,tfidf,False,public health
62013CJ0673,62012CJ0203,0.3114758933683266,tfidf,False,public health
62013CJ0673,62016CJ0577,0.3042177520280136,tfidf,False,public health
62013CJ0673,62007CJ0061,0.29396721015002264,tfidf,False,public health
62013CJ0673,62017CJ0058,0.2930228521779987,tfidf,False,public health
62013CJ0673,62010CJ0071,0.28724593242446134,tfidf,False,public health
62013CJ0673,62008CJ0390,0.28422722145346146,tfidf,False,public health
62013CJ0673,62007CJ0127,0.2823667139912584,tfidf,False,public health
62013CJ0673,61997CJ0217,0.28164083668365514,tfidf,False,public health
62013CJ0673,62000CJ0233,0.2802445539061349,tfidf,False,public health
62013CJ0673,62013CJ0612,0.2769578875131213,tfidf,False,public health
62001CJ0349,62000CJ0440,0.8297898528430744,tfidf,True,social policy
62001CJ0349,61999CJ0062,0.7018439544944833,tfidf,True,social policy
62001CJ0349,62008CJ0405,0.3475534655123041,tfidf,False,social policy
62001CJ0349,61992CJ0382,0.34648679087411927,tfidf,False,social policy
62001CJ0349,61984CJ0235,0.2959591404081211,tfidf,False,social policy
62001CJ0349,61987CJ0081,0.2867962915302862,tfidf,False,social policy
62001CJ0349,62005CJ0385,0.27856460757840124,tfidf,False,social policy
62001CJ0349,61998CJ0430,0.25681275852303126,tfidf,False,social policy
62001CJ0349,61984CJ0237,0.2514792330877876,tfidf,False,social policy
62001CJ0349,62015CJ0566,0.24188882074426538,tfidf,False,social policy
62001CJ0349,62009CJ0151,0.23716272959527457,tfidf,False,social policy
62001CJ0349,62007CJ0561,0.2328460754726613,tfidf,False,social policy
62001CJ0349,62009CJ0242,0.22611698222788884,tfidf,False,social policy
62001CJ0349,61989CJ0362,0.22411194288451888,tfidf,False,social policy
62001CJ0349,62012CJ0176,0.21795409210396552,tfidf,False,social policy
62001CJ0349,61987CJ0022,0.21529406179741065,tfidf,False,social policy
62001CJ0349,61993CJ0449,0.21087522190553382,tfidf,False,social policy
62001CJ0349,61989CJ0360,0.20484776788499603,tfidf,False,social policy
62001CJ0349,61992CJ0334,0.2044236379296606,tfidf,False,social policy
62001CJ0349,61980CJ0188,0.20429557766167084,tfidf,False,social policy
61996CJ0197,61989CJ0345,0.7279545706925643,tfidf,True,social policy
61996CJ0197,61996CJ0207,0.6915284866652839,tfidf,False,social policy
61996CJ0197,61991CJ0158,0.49862077302054053,tfidf,False,social policy
61996CJ0197,61986CJ0312,0.48378958533984917,tfidf,False,social policy
61996CJ0197,61998CJ0354,0.4013740243553573,tfidf,True,social policy
61996CJ0197,61993CJ0013,0.39269794391294666,tfidf,False,social policy
61996CJ0197,61997CJ0158,0.3691534119876705,tfidf,False,social policy
61996CJ0197,61993CJ0450,0.3641461170315431,tfidf,False,social policy
61996CJ0197,61975CJ0043,0.3632394368551408,tfidf,False,social policy
61996CJ0197,62003CJ0203,0.3581324912346355,tfidf,False,social policy
61996CJ0197,62007CJ0340,0.35588765292266133,tfidf,False,social policy
61996CJ0197,62007CJ0543,0.34758430388845285,tfidf,False,social policy
61996CJ0197,61977CJ0149,0.34559929257406585,tfidf,False,social policy
61996CJ0197,61984CJ0222,0.3436683086763669,tfidf,False,social policy
61996CJ0197,61983CJ0248,0.3244398695211429,tfidf,False,social policy
61996CJ0197,61980CJ0069,0.3197346344142725,tfidf,False,social policy
61996CJ0197,61997CJ0167,0.3141134237593645,tfidf,False,social policy
61996CJ0197,62007CO0128,0.31355734993963336,tfidf,False,social policy
61996CJ0197,62009CJ0236,0.3098998815149201,tfidf,False,social policy
61996CJ0197,62003CJ0319,0.30894318891291167,tfidf,False,social policy
61997CJ0075,61998CJ0378,0.8329294412391165,tfidf,False,social policy
61997CJ0075,61997CJ0372,0.4836001312626569,tfidf,True,social policy
61997CJ0075,62000CJ0409,0.4809118641329758,tfidf,True,social policy
61997CJ0075,61999CJ0310,0.4766733852539075,tfidf,True,social policy
61997CJ0075,62000CJ0298,0.469901278430049,tfidf,True,social policy
61997CJ0075,61987CJ0142,0.46436297298327894,tfidf,False,social policy
61997CJ0075,61995CJ0169,0.4546022506576989,tfidf,False,social policy
61997CJ0075,62000CJ0113,0.45416062026571613,tfidf,False,social policy
61997CJ0075,62004CJ0148,0.4441605309681109,tfidf,True,social policy
61997CJ0075,62002CJ0110,0.44275193354665093,tfidf,False,social policy
61997CJ0075,62003CJ0399,0.44253492503912406,tfidf,False,social policy
61997CJ0075,62003CJ0346,0.4399488588080807,tfidf,False,social policy
61997CJ0075,61995CJ0278,0.4384950418654544,tfidf,False,social policy
61997CJ0075,62000CJ0114,0.4382170948183496,tfidf,False,social policy
61997CJ0075,61998CJ0351,0.4343892873404931,tfidf,False,social policy
61997CJ0075,62002CJ0099,0.43044384049876266,tfidf,False,social policy
61997CJ0075,61999CJ0400,0.42667363892641164,tfidf,False,social policy
61997CJ0075,62007CJ0214,0.42303306813064745,tfidf,False,social policy
61997CJ0075,61991CJ0183,0.41958219691196613,tfidf,False,social policy
61997CJ0075,62009CJ0071,0.41688197889464096,tfidf,False,social policy
62009CJ0124,61999CJ0297,0.6188881322270393,tfidf,True,social policy
62009CJ0124,62001CJ0439,0.5206441946189182,tfidf,False,social policy
62009CJ0124,61992CJ0394,0.5179220102301991,tfidf,False,social policy
62009CJ0124,62004CJ0128,0.5023080042024438,tfidf,False,social policy
62009CJ0124,61992CJ0313,0.4932534820275714,tfidf,False,social policy
62009CJ0124,61994CJ0235,0.48823744643661793,tfidf,False,social policy
62009CJ0124,62015CO0325,0.4481460097419535,tfidf,False,social policy
62009CJ0124,62014CJ0287,0.4283431137509096,tfidf,False,social policy
62009CJ0124,62014CJ0501,0.4123109019477012,tfidf,False,social policy
62009CJ0124,62016CJ0102,0.4075575588434815,tfidf,False,social policy
62009CJ0124,61992CJ0116,0.3886125799607163,tfidf,False,social policy
62009CJ0124,61990CJ0158,0.38717854513316413,tfidf,False,social policy
62009CJ0124,61999CJ0193,0.3809469709433104,tfidf,False,social policy
62009CJ0124,61990CJ0007,0.36856754871413866,tfidf,False,social policy
62009CJ0124,61996CJ0387,0.3490880123760416,tfidf,False,social policy
62009CJ0124,62010CJ0210,0.3430098361628858,tfidf,False,social policy
62009CJ0124,62012CJ0222,0.3348312323371037,tfidf,False,social policy
62009CJ0124,61990CJ0008,0.3336787744471573,tfidf,False,social policy
62009CJ0124,62005CO0093,0.3314793186988604,tfidf,False,social policy
62009CJ0124,61991CJ0116,0.32974197032391883,tfidf,False,social policy
62012CJ0176,62005CJ0385,0.5549535009116676,tfidf,True,social policy
62012CJ0176,62008CJ0405,0.34300380033689165,tfidf,False,social policy
62012CJ0176,61984CJ0235,0.2633826142398489,tfidf,False,social policy
62012CJ0176,61984CJ0237,0.2528406020237856,tfidf,False,social policy
62012CJ0176,61992CJ0382,0.24210456462075336,tfidf,False,social policy
62012CJ0176,62002CJ0425,0.24111343463146126,tfidf,False,social policy
62012CJ0176,62014CJ0025,0.23835653289673103,tfidf,False,social policy
62012CJ0176,62010CJ0617,0.2342089888987693,tfidf,False,social policy
62012CJ0176,61998CJ0234,0.2303202987255779,tfidf,False,social policy
62012CJ0176,62016CJ0429,0.2292152187568004,tfidf,False,social policy
62012CJ0176,61987CJ0022,0.22563469327214325,tfidf,False,social policy
62012CJ0176,61989CJ0312,0.22323766242556137,tfidf,False,social policy
62012CJ0176,61992CJ0334,0.22068405957495124,tfidf,False,social policy
62012CJ0176,62007CJ0555,0.219816770498694,tfidf,True,social policy
62012CJ0176,62007CO0565,0.2182195838770205,tfidf,False,social policy
62012CJ0176,62001CJ0349,0.21795409210396552,tfidf,False,social policy
62012CJ0176,62007CJ0306,0.2167562475676576,tfidf,False,social policy
62012CJ0176,62017CJ0338,0.21669052015242196,tfidf,False,social policy
62012CJ0176,62010CJ0282,0.21494655360687784,tfidf,True,social policy
62012CJ0176,62000CJ0051,0.21176185972076844,tfidf,False,social policy
61978CJ0128,61993CJ0336,0.3501166189751206,tfidf,False,social policy
61978CJ0128,61993CJ0289,0.32361244551731455,tfidf,False,social policy
61978CJ0128,61986CJ0079,0.2741584709211265,tfidf,False,social policy
61978CJ0128,61983CJ0013,0.2680964243135218,tfidf,False,social policy
61978CJ0128,61978CJ0097,0.2620006906138949,tfidf,False,social policy
61978CJ0128,62008CJ0527,0.26152230828965056,tfidf,False,social policy
61978CJ0128,62012CJ0222,0.26042438401090706,tfidf,False,social policy
61978CJ0128,62008CJ0256,0.25786551931404506,tfidf,False,social policy
61978CJ0128,61973CJ0167,0.256277519846575,tfidf,False,social policy
61978CJ0128,62008CJ0557,0.2546810226397649,tfidf,False,social policy
61978CJ0128,61970CJ0022,0.25152364023842394,tfidf,False,social policy
61978CJ0128,61981CJ0029,0.24718954366553156,tfidf,False,social policy
61978CJ0128,62008CJ0556,0.24551389376899882,tfidf,False,social policy
61978CJ0128,61990CJ0195,0.2447785200543909,tfidf,False,social policy
61978CJ0128,61997CJ0175,0.24355616033264357,tfidf,False,social policy
61978CJ0128,61981CJ0301,0.24289531511349588,tfidf,False,social policy
61978CJ0128,61988CJ0004,0.24244101262273754,tfidf,False,social policy
61978CJ0128,61981CJ0100,0.24205202735888104,tfidf,False,social policy
61978CJ0128,62009CJ0187,0.24146391371679093,tfidf,False,social policy
61978CJ0128,61972CJ0039,0.24129432966382566,tfidf,True,social policy
61998CJ0354,61999CJ0045,0.5541292495508753,tfidf,False,social policy
61998CJ0354,61998CJ0457,0.5471800563675248,tfidf,False,social policy
61998CJ0354,61999CJ0046,0.5350286845076012,tfidf,False,social policy
61998CJ0354,62008CJ0041,0.5107614535872472,tfidf,False,social policy
61998CJ0354,61997CJ0284,0.49995312761855554,tfidf,False,social policy
61998CJ0354,62000CJ0097,0.4854428541981362,tfidf,False,social policy
61998CJ0354,61996CJ0312,0.4773573893526397,tfidf,False,social policy
61998CJ0354,61995CJ0234,0.4694092001521041,tfidf,False,social policy
61998CJ0354,62000CJ0439,0.46287980536103174,tfidf,False,social policy
61998CJ0354,62001CJ0351,0.45703438987293643,tfidf,False,social policy
61998CJ0354,62003CJ0066,0.4487841179698923,tfidf,False,social policy
61998CJ0354,61997CJ0175,0.44744135082569936,tfidf,False,social policy
61998CJ0354,61996CJ0311,0.4467333030719929,tfidf,False,social policy
61998CJ0354,62001CJ0259,0.43999613081827305,tfidf,False,social policy
61998CJ0354,61997CJ0144,0.4399563497110359,tfidf,False,social policy
61998CJ0354,62002CJ0085,0.42976275649973816,tfidf,False,social policy
61998CJ0354,61999CJ0319,0.4240518515549109,tfidf,False,social policy
61998CJ0354,61999CJ0219,0.4179658596807088,tfidf,False,social policy
61998CJ0354,61996CJ0223,0.4156921681949961,tfidf,False,social policy
61998CJ0354,62000CJ0468,0.41216739271072794,tfidf,False,social policy
62001CJ0425,62004CJ0428,0.5687771725605459,tfidf,False,social policy
62001CJ0425,62001CJ0465,0.510786084026144,tfidf,False,social policy
62001CJ0425,62006CJ0226,0.49168250580004624,tfidf,False,social policy
62001CJ0425,62005CJ0127,0.48032025078444174,tfidf,False,social policy
62001CJ0425,62001CJ0441,0.47534078843681726,tfidf,False,social policy
62001CJ0425,62004CJ0459,0.4622788237331217,tfidf,False,social policy
62001CJ0425,62004CJ0132,0.4497357212814493,tfidf,False,social policy
62001CJ0425,61992CJ0383,0.4403263476152965,tfidf,False,social policy
62001CJ0425,62001CJ0171,0.43754877431092193,tfidf,False,social policy
62001CJ0425,61994CJ0084,0.41585404215775357,tfidf,False,social policy
62001CJ0425,61995CJ0079,0.3807049199883702,tfidf,False,social policy
62001CJ0425,62000CJ0005,0.3751591513857928,tfidf,False,social policy
62001CJ0425,62002CJ0335,0.37002552670927674,tfidf,False,social policy
62001CJ0425,62000CJ0049,0.36873937777972055,tfidf,False,social policy
62001CJ0425,62008CJ0012,0.36091276009821127,tfidf,False,social policy
62001CJ0425,62016CJ0103,0.354487288799063,tfidf,False,social policy
62001CJ0425,62004CO0052,0.3504889168041987,tfidf,False,social policy
62001CJ0425,61983CJ0215,0.3248016425901887,tfidf,False,social policy
62001CJ0425,62004CJ0484,0.32170074230060364,tfidf,False,social policy
62001CJ0425,62000CJ0133,0.3152622949940004,tfidf,False,social policy
62005CO0093,61992CJ0313,0.5093696326586704,tfidf,False,social policy
62005CO0093,62001CJ0439,0.49735531949177436,tfidf,False,social policy
62005CO0093,61990CJ0007,0.49219563696771984,tfidf,False,social policy
62005CO0093,61990CJ0008,0.47217847998914797,tfidf,False,social policy
62005CO0093,61996CJ0387,0.406619342421023,tfidf,False,social policy
62005CO0093,61994CJ0235,0.39712922591860034,tfidf,False,social policy
62005CO0093,62004CJ0128,0.36500768036923303,tfidf,False,social policy
62005CO0093,61991CJ0116,0.3623799006507551,tfidf,False,social policy
62005CO0093,61995CJ0039,0.3589464012495263,tfidf,False,social policy
62005CO0093,62008CJ0253,0.3583392215323077,tfidf,False,social policy
62005CO0093,62008CJ0298,0.35145851120674726,tfidf,False,social policy
62005CO0093,61978CJ0097,0.34573205421663933,tfidf,False,social policy
62005CO0093,62012CJ0222,0.3382493990815002,tfidf,False,social policy
62005CO0093,62002CJ0184,0.3349124604052259,tfidf,False,social policy
62005CO0093,62009CJ0124,0.3314793186988604,tfidf,False,social policy
62005CO0093,61994CJ0335,0.31879660843728164,tfidf,False,social policy
62005CO0093,61993CJ0336,0.31872615192702825,tfidf,False,social policy
62005CO0093,61993CJ0289,0.3177816725709423,tfidf,False,social policy
62005CO0093,61995CJ0029,0.2929398140169074,tfidf,False,social policy
62005CO0093,61992CJ0394,0.25757927249587015,tfidf,False,social policy
61990CJ0360,61993CJ0457,0.8373246687886569,tfidf,False,social policy
61990CJ0360,61993CJ0278,0.8094132150589318,tfidf,False,social policy
61990CJ0360,62006CJ0300,0.46030092408415657,tfidf,False,social policy
61990CJ0360,62002CJ0313,0.4525363437155698,tfidf,False,social policy
61990CJ0360,61992CJ0399,0.4253446407392809,tfidf,False,social policy
61990CJ0360,61980CJ0096,0.41814520182477577,tfidf,False,social policy
61990CJ0360,61988CJ0171,0.4172341502206755,tfidf,True,social policy
61990CJ0360,61995CJ0001,0.4070579291883146,tfidf,False,social policy
61990CJ0360,62002CJ0285,0.4003604344317146,tfidf,False,social policy
61990CJ0360,61989CJ0184,0.3791481736525674,tfidf,False,social policy
61990CJ0360,61998CJ0236,0.36790192695208634,tfidf,False,social policy
61990CJ0360,62002CJ0077,0.36752782386123084,tfidf,False,social policy
61990CJ0360,61995CJ0100,0.35804483791782904,tfidf,False,social policy
61990CJ0360,62002CJ0196,0.35417975788505696,tfidf,False,social policy
61990CJ0360,62004CJ0014,0.3395466769000737,tfidf,False,social policy
61990CJ0360,61989CJ0033,0.330153091102514,tfidf,False,social policy
61990CJ0360,61991CJ0189,0.3237163898297764,tfidf,False,social policy
61990CJ0360,61998CJ0322,0.3171880459591821,tfidf,False,social policy
61990CJ0360,62002CJ0025,0.3139392883448324,tfidf,False,social policy
61990CJ0360,61997CJ0167,0.30170683682315147,tfidf,False,social policy
61985CJ0286,61989CJ0377,0.6036284872273568,tfidf,True,social policy
61985CJ0286,61990CJ0208,0.6006477583966445,tfidf,True,social policy
61985CJ0286,61992CJ0343,0.5212253629333812,tfidf,False,social policy
61985CJ0286,61985CJ0071,0.5193917529913091,tfidf,True,social policy
61985CJ0286,61985CJ0384,0.48338894432769175,tfidf,True,social policy
61985CJ0286,61987CJ0080,0.44584474023201465,tfidf,False,social policy
61985CJ0286,61991CJ0338,0.4230353574764344,tfidf,False,social policy
61985CJ0286,61989CJ0373,0.42137750261700146,tfidf,False,social policy
61985CJ0286,61985CJ0150,0.41329419454194827,tfidf,False,social policy
61985CJ0286,61992CJ0420,0.409578673306363,tfidf,False,social policy
61985CJ0286,61991CJ0009,0.39818956639873254,tfidf,False,social policy
61985CJ0286,61980CJ0069,0.3885190489129427,tfidf,False,social policy
61985CJ0286,61990CJ0031,0.38666230736897056,tfidf,False,social policy
61985CJ0286,61998CJ0187,0.3856372042866321,tfidf,False,social policy
61985CJ0286,62007CO0128,0.3852146436845561,tfidf,False,social policy
61985CJ0286,61986CJ0312,0.38491421261806685,tfidf,False,social policy
61985CJ0286,62009CJ0236,0.3822759517857528,tfidf,False,social policy
61985CJ0286,61992CJ0410,0.3764658065934233,tfidf,False,social policy
61985CJ0286,61984CJ0222,0.37521622819780787,tfidf,False,social policy
61985CJ0286,61975CJ0043,0.3741542088239754,tfidf,False,social policy
61999CJ0297,61992CJ0394,0.6189647250891444,tfidf,True,social policy
61999CJ0297,62009CJ0124,0.6188881322270393,tfidf,True,social policy
61999CJ0297,62004CJ0128,0.5245688107041094,tfidf,False,social policy
61999CJ0297,61994CJ0235,0.47708346485343966,tfidf,False,social policy
61999CJ0297,62014CJ0287,0.4644416756107093,tfidf,False,social policy
61999CJ0297,62015CO0325,0.4637916381062596,tfidf,False,social policy
61999CJ0297,62010CJ0210,0.4524680642669051,tfidf,False,social policy
61999CJ0297,61990CJ0158,0.4521920676919389,tfidf,False,social policy
61999CJ0297,62014CJ0501,0.45186695984994785,tfidf,False,social policy
61999CJ0297,61992CJ0116,0.4455419679370006,tfidf,False,social policy
61999CJ0297,62016CJ0102,0.413735971600408,tfidf,False,social policy
61999CJ0297,61992CJ0313,0.40286494499298986,tfidf,True,social policy
61999CJ0297,62012CJ0222,0.3981288271214536,tfidf,False,social policy
61999CJ0297,62001CJ0439,0.38729335655398806,tfidf,False,social policy
61999CJ0297,61976CJ0065,0.34033411336288527,tfidf,False,social policy
61999CJ0297,61999CJ0193,0.33326100244093687,tfidf,False,social policy
61999CJ0297,61991CJ0116,0.3284259933130761,tfidf,False,social policy
61999CJ0297,62012CJ0317,0.3117607155285813,tfidf,False,social policy
61999CJ0297,62002CJ0184,0.2982288553550584,tfidf,True,social policy
61999CJ0297,61996CJ0387,0.296233676714837,tfidf,False,social policy
62009CJ0444,62014CJ0177,0.6074643252197661,tfidf,False,social policy
62009CJ0444,62006CJ0268,0.5774246599911041,tfidf,True,social policy
62009CJ0444,62005CJ0307,0.5625015652523163,tfidf,True,social policy
62009CJ0444,62010CJ0177,0.5001916574938534,tfidf,True,social policy
62009CJ0444,62011CO0556,0.49446581650289406,tfidf,True,social policy
62009CJ0444,62011CJ0302,0.4714905052876092,tfidf,True,social policy
62009CJ0444,62014CJ0596,0.46217061400668147,tfidf,False,social policy
62009CJ0444,62016CJ0158,0.4532137706817454,tfidf,False,social policy
62009CJ0444,62013CJ0038,0.4502142244825144,tfidf,True,social policy
62009CJ0444,62009CJ0098,0.4486402527826051,tfidf,False,social policy
62009CJ0444,62007CJ0378,0.44186053324963837,tfidf,False,social policy
62009CJ0444,62008CO0162,0.43674199392644136,tfidf,False,social policy
62009CJ0444,62015CO0631,0.4357510000994215,tfidf,False,social policy
62009CJ0444,62012CJ0361,0.4311369060942793,tfidf,True,social policy
62009CJ0444,62007CO0364,0.422883843605694,tfidf,False,social policy
62009CJ0444,62017CJ0245,0.41114320839070284,tfidf,False,social policy
62009CJ0444,62010CO0273,0.40918179045450714,tfidf,True,social policy
62009CJ0444,62004CJ0212,0.4086278846026548,tfidf,True,social policy
62009CJ0444,62013CJ0362,0.4058383527337509,tfidf,True,social policy
62009CJ0444,62008CO0519,0.4021713903888745,tfidf,False,social policy
62013CJ0311,62010CJ0435,0.5574935773214027,tfidf,False,social policy
62013CJ0311,62008CJ0069,0.5309112603266604,tfidf,False,social policy
62013CJ0311,62001CJ0160,0.48628563797164454,tfidf,False,social policy
62013CJ0311,61997CJ0125,0.4832793010209108,tfidf,False,social policy
62013CJ0311,62005CJ0081,0.4816261832046607,tfidf,False,social policy
62013CJ0311,62001CJ0201,0.4533391947438746,tfidf,False,social policy
62013CJ0311,62014CJ0292,0.4491572075236324,tfidf,False,social policy
62013CJ0311,62012CJ0309,0.4338643549696186,tfidf,False,social policy
62013CJ0311,61996CJ0117,0.43305149291002953,tfidf,False,social policy
62013CJ0311,61992CJ0334,0.43139124140357665,tfidf,False,social policy
62013CJ0311,61995CJ0373,0.42953103540065385,tfidf,False,social policy
62013CJ0311,62012CJ0247,0.41338315380182206,tfidf,False,social policy
62013CJ0311,61988CJ0053,0.41196466260157805,tfidf,False,social policy
62013CJ0311,61998CJ0198,0.4057765347922923,tfidf,False,social policy
62013CJ0311,62009CJ0477,0.4029278276534895,tfidf,False,social policy
62013CJ0311,62001CJ0125,0.40248843681407837,tfidf,False,social policy
62013CJ0311,62010CJ0030,0.4018541905983758,tfidf,False,social policy
62013CJ0311,61987CJ0022,0.38305177708729726,tfidf,False,social policy
62013CJ0311,62017CJ0338,0.3715137314953069,tfidf,False,social policy
62013CJ0311,61995CJ0094,0.36810961993391367,tfidf,False,social policy
62001CJ0160,61995CJ0373,0.6671509745307268,tfidf,True,social policy
62001CJ0160,62008CJ0069,0.614510435507587,tfidf,False,social policy
62001CJ0160,62012CJ0247,0.5968303514995904,tfidf,True,social policy
62001CJ0160,62012CJ0309,0.5955176072647697,tfidf,True,social policy
62001CJ0160,61997CJ0125,0.5775214547956734,tfidf,True,social policy
62001CJ0160,61995CJ0094,0.5771510623935737,tfidf,True,social policy
62001CJ0160,62001CJ0125,0.5753138019517527,tfidf,False,social policy
62001CJ0160,62001CJ0201,0.5456143131093748,tfidf,False,social policy
62001CJ0160,62005CJ0081,0.5380306903465062,tfidf,False,social policy
62001CJ0160,62010CJ0435,0.5353027597467565,tfidf,False,social policy
62001CJ0160,61996CJ0117,0.5078514799854446,tfidf,False,social policy
62001CJ0160,62013CJ0311,0.48628563797164454,tfidf,False,social policy
62001CJ0160,61992CJ0334,0.482754540585561,tfidf,False,social policy
62001CJ0160,62009CJ0477,0.4814674744323413,tfidf,False,social policy
62001CJ0160,61998CJ0198,0.46600130809740997,tfidf,False,social policy
62001CJ0160,62006CJ0246,0.4591247271274829,tfidf,False,social policy
62001CJ0160,62001CJ0019,0.45876180869371747,tfidf,False,social policy
62001CJ0160,61988CJ0053,0.4559089945547668,tfidf,False,social policy
62001CJ0160,61993CJ0479,0.4549024698000934,tfidf,False,social policy
62001CJ0160,62017CJ0338,0.45006564577883834,tfidf,False,social policy
62006CJ0320,62006CJ0317,0.9033301192247083,tfidf,False,social policy
62006CJ0320,62006CJ0321,0.8949628831747766,tfidf,False,social policy
62006CJ0320,62006CJ0381,0.8897701526276802,tfidf,False,social policy
62006CJ0320,62006CJ0327,0.8738065124579605,tfidf,False,social policy
62006CJ0320,62006CJ0528,0.5146097438484313,tfidf,False,social policy
62006CJ0320,62006CJ0465,0.48275491011506305,tfidf,False,social policy
62006CJ0320,62007CJ0009,0.48088909680422315,tfidf,False,social policy
62006CJ0320,62005CJ0118,0.47115177173120576,tfidf,False,social policy
62006CJ0320,62005CJ0143,0.4636442770518726,tfidf,False,social policy
62006CJ0320,62003CJ0312,0.4626771605448091,tfidf,False,social policy
62006CJ0320,62005CJ0085,0.4602304529888601,tfidf,False,social policy
62006CJ0320,62006CJ0054,0.45951868822483943,tfidf,False,social policy
62006CJ0320,62007CJ0006,0.45697048620769076,tfidf,False,social policy
62006CJ0320,62008CJ0469,0.4540581993473541,tfidf,False,social policy
62006CJ0320,62006CJ0517,0.4487178018967469,tfidf,False,social policy
62006CJ0320,62007CJ0075,0.44191680971905634,tfidf,False,social policy
62006CJ0320,62006CJ0078,0.43742554460883043,tfidf,False,social policy
62006CJ0320,62010CJ0127,0.43637097950041664,tfidf,False,social policy
62006CJ0320,62010CJ0391,0.43416183595825647,tfidf,False,social policy
62006CJ0320,62006CJ0392,0.4289740536109095,tfidf,False,social policy
62014CJ0065,62015CJ0335,0.5710447169004049,tfidf,False,social policy
62014CJ0065,62008CJ0194,0.5671108616576968,tfidf,False,social policy
62014CJ0065,61996CJ0411,0.5149024449497932,tfidf,True,social policy
62014CJ0065,62002CJ0147,0.46111169122502327,tfidf,False,social policy
62014CJ0065,62008CJ0471,0.4600764087948592,tfidf,False,social policy
62014CJ0065,62001CJ0342,0.45471023868258226,tfidf,False,social policy
62014CJ0065,62011CJ0512,0.4459261104239262,tfidf,False,social policy
62014CJ0065,62012CJ0167,0.4400801183885952,tfidf,False,social policy
62014CJ0065,61993CJ0342,0.4161977281615277,tfidf,False,social policy
62014CJ0065,62015CJ0531,0.405269610021332,tfidf,False,social policy
62014CJ0065,62012CJ0005,0.40106660103243935,tfidf,True,social policy
62014CJ0065,62003CJ0356,0.40034970527697883,tfidf,False,social policy
62014CJ0065,62016CJ0103,0.39048464609803735,tfidf,False,social policy
62014CJ0065,62017CJ0041,0.3848138260318391,tfidf,False,social policy
62014CJ0065,62006CJ0460,0.38326055844481033,tfidf,True,social policy
62014CJ0065,62016CJ0651,0.37224943118181447,tfidf,False,social policy
62014CJ0065,61996CJ0066,0.3676971947745967,tfidf,False,social policy
62014CJ0065,62012CJ0595,0.36729679107433527,tfidf,False,social policy
62014CJ0065,62004CJ0294,0.3652954090131426,tfidf,False,social policy
62014CJ0065,62006CJ0116,0.36241759757638237,tfidf,True,social policy
61989CJ0033,61989CJ0184,0.5583914660487334,tfidf,True,social policy
61989CJ0033,61980CJ0096,0.4609342919618252,tfidf,False,social policy
61989CJ0033,62000CJ0187,0.4516389362278151,tfidf,False,social policy
61989CJ0033,61997CJ0281,0.4467478506489949,tfidf,False,social policy
61989CJ0033,62002CJ0313,0.4338842545893057,tfidf,False,social policy
61989CJ0033,61999CJ0381,0.4290664856789036,tfidf,False,social policy
61989CJ0033,61984CJ0170,0.42372955675228774,tfidf,False,social policy
61989CJ0033,61992CJ0399,0.4148493032001033,tfidf,True,social policy
61989CJ0033,61991CJ0173,0.4112319055058111,tfidf,False,social policy
61989CJ0033,61988CJ0171,0.4101464555664535,tfidf,False,social policy
61989CJ0033,61996CJ0015,0.40728023909671324,tfidf,True,social policy
61989CJ0033,62013CJ0221,0.4046700712334543,tfidf,False,social policy
61989CJ0033,62008CJ0395,0.40463457792793267,tfidf,False,social policy
61989CJ0033,62017CJ0057,0.4016706879894247,tfidf,False,social policy
61989CJ0033,62010CJ0393,0.39789613280872077,tfidf,False,social policy
61989CJ0033,62002CJ0077,0.39426476941638916,tfidf,False,social policy
61989CJ0033,61977CJ0149,0.38549613181644327,tfidf,False,social policy
61989CJ0033,61996CJ0050,0.3802877781233452,tfidf,False,social policy
61989CJ0033,61998CJ0187,0.37714977650930115,tfidf,False,social policy
61989CJ0033,61998CJ0322,0.37633575692474325,tfidf,False,social policy
62000CJ0465,62010CJ0468,0.5098664979092724,tfidf,True,data protection
62000CJ0465,62001CJ0101,0.4815803879154068,tfidf,True,data protection
62000CJ0465,62014CJ0201,0.47101492041323156,tfidf,False,data protection
62000CJ0465,62007CJ0073,0.45154557459286826,tfidf,True,data protection
62000CJ0465,62016CJ0073,0.44818661129321113,tfidf,True,data protection
62000CJ0465,62013CJ0212,0.4467338999507078,tfidf,False,data protection
62000CJ0465,62015CJ0398,0.43552715711100476,tfidf,False,data protection
62000CJ0465,62007CJ0518,0.43078746764346726,tfidf,True,data protection
62000CJ0465,62007CJ0553,0.43051786663749025,tfidf,True,data protection
62000CJ0465,62012CJ0473,0.41808243171402415,tfidf,False,data protection
62000CJ0465,62014CJ0362,0.408294693269917,tfidf,True,data protection
62000CJ0465,62012CJ0141,0.40718102066983863,tfidf,True,data protection
62000CJ0465,62016CJ0434,0.4046510171974824,tfidf,False,data protection
62000CJ0465,62006CJ0524,0.39593150295149654,tfidf,True,data protection
62000CJ0465,62014CJ0230,0.3909069869243576,tfidf,False,data protection
62000CJ0465,62012CJ0486,0.3897869862442888,tfidf,False,data protection
62000CJ0465,62012CJ0131,0.38219264226473937,tfidf,True,data protection
62000CJ0465,62012CJ0342,0.3691027157688763,tfidf,True,data protection
62000CJ0465,62012CJ0293,0.36831008600812665,tfidf,True,data protection
62000CJ0465,62016CJ0013,0.3638114986515001,tfidf,False,data protection
62014CJ0230,62010CJ0468,0.6307606715161626,tfidf,False,data protection
62014CJ0230,62014CJ0201,0.606370375434997,tfidf,False,data protection
62014CJ0230,62013CJ0212,0.5823621996305833,tfidf,False,data protection
62014CJ0230,62007CJ0518,0.5778217811578981,tfidf,False,data protection
62014CJ0230,62012CJ0131,0.5747141012913648,tfidf,False,data protection
62014CJ0230,62001CJ0101,0.5742760936887926,tfidf,True,data protection
62014CJ0230,62007CJ0553,0.5742227170764045,tfidf,False,data protection
62014CJ0230,62015CJ0398,0.5695273078410913,tfidf,False,data protection
62014CJ0230,62016CJ0073,0.5616868428834796,tfidf,False,data protection
62014CJ0230,62016CJ0434,0.5484719471595806,tfidf,False,data protection
62014CJ0230,62016CJ0210,0.521082267018858,tfidf,False,data protection
62014CJ0230,62017CJ0040,0.5209002382479394,tfidf,False,data protection
62014CJ0230,62007CJ0073,0.5176915793871103,tfidf,False,data protection
62014CJ0230,62012CJ0141,0.5071693229178807,tfidf,False,data protection
62014CJ0230,62014CJ0362,0.5000684675312101,tfidf,False,data protection
62014CJ0230,62006CJ0524,0.49718589455992257,tfidf,False,data protection
62014CJ0230,62016CJ0013,0.48110787695849866,tfidf,False,data protection
62014CJ0230,62012CJ0473,0.4788017391197463,tfidf,False,data protection
62014CJ0230,62012CJ0486,0.4770903752598039,tfidf,False,data protection
62014CJ0230,62012CJ0342,0.46579293509064584,tfidf,False,data protection
62006CJ0301,62012CJ0293,0.7886251695874296,tfidf,False,data protection
62006CJ0301,62015CJ0203,0.7630026247706823,tfidf,False,data protection
62006CJ0301,62010CJ0461,0.632331814617091,tfidf,False,data protection
62006CJ0301,62006CJ0275,0.5749614298293297,tfidf,False,data protection
62006CJ0301,62007CJ0553,0.5476078377759216,tfidf,False,data protection
62006CJ0301,62010CJ0468,0.5380585599616037,tfidf,False,data protection
62006CJ0301,62009CJ0202,0.5342301858189722,tfidf,False,data protection
62006CJ0301,62014CJ0201,0.5229568187196715,tfidf,False,data protection
62006CJ0301,62012CJ0119,0.5062328090458367,tfidf,False,data protection
62006CJ0301,62009CJ0185,0.4999853154907654,tfidf,False,data protection
62006CJ0301,62016CJ0073,0.48594353566735804,tfidf,False,data protection
62006CJ0301,62001CJ0101,0.47582338137720226,tfidf,False,data protection
62006CJ0301,62012CJ0141,0.4734876142282831,tfidf,False,data protection
62006CJ0301,62016CJ0434,0.46957096113235647,tfidf,False,data protection
62006CJ0301,62009CJ0189,0.4690230402904441,tfidf,False,data protection
62006CJ0301,62007CJ0073,0.46893019164924843,tfidf,False,data protection
62006CJ0301,62009CJ0211,0.46760770127552426,tfidf,False,data protection
62006CJ0301,62015CJ0398,0.4612099664986734,tfidf,False,data protection
62006CJ0301,62014CJ0362,0.44854476631265544,tfidf,False,data protection
62006CJ0301,62004CJ0317,0.44229662637164324,tfidf,True,data protection
62012CJ0131,62010CJ0468,0.6198571170508015,tfidf,False,data protection
62012CJ0131,62001CJ0101,0.5820409483188218,tfidf,True,data protection
62012CJ0131,62014CJ0201,0.5816901864420321,tfidf,False,data protection
62012CJ0131,62013CJ0212,0.5773686156929373,tfidf,True,data protection
62012CJ0131,62014CJ0230,0.5747141012913648,tfidf,False,data protection
62012CJ0131,62007CJ0553,0.5723487342312987,tfidf,True,data protection
62012CJ0131,62015CJ0398,0.561767006000244,tfidf,False,data protection
62012CJ0131,62016CJ0073,0.5440614501124923,tfidf,False,data protection
62012CJ0131,62007CJ0073,0.5315680956756602,tfidf,True,data protection
62012CJ0131,62016CJ0434,0.5250611549288942,tfidf,False,data protection
62012CJ0131,62012CJ0141,0.517184590695554,tfidf,True,data protection
62012CJ0131,62017CJ0040,0.4895952906065426,tfidf,False,data protection
62012CJ0131,62012CJ0486,0.4658764001027482,tfidf,False,data protection
62012CJ0131,62016CJ0013,0.4633222046086701,tfidf,False,data protection
62012CJ0131,62014CJ0362,0.46083211810366204,tfidf,False,data protection
62012CJ0131,62017CJ0025,0.46029575147547136,tfidf,False,data protection
62012CJ0131,62007CJ0518,0.45814597486306274,tfidf,False,data protection
62012CJ0131,62006CJ0524,0.4577519748284087,tfidf,False,data protection
62012CJ0131,62017CJ0345,0.4549404094152988,tfidf,True,data protection
62012CJ0131,62012CJ0473,0.45481792052799336,tfidf,True,data protection
62009CJ0543,62015CJ0536,0.927681673126022,tfidf,False,data protection
62009CJ0543,62003CJ0109,0.6492978678956332,tfidf,True,data protection
62009CJ0543,62007CJ0458,0.5874234579643592,tfidf,False,data protection
62009CJ0543,62010CJ0016,0.5380943044491031,tfidf,False,data protection
62009CJ0543,62015CJ0203,0.42340859918364127,tfidf,False,data protection
62009CJ0543,62012CJ0293,0.4131063018687152,tfidf,False,data protection
62009CJ0543,62010CJ0461,0.3831774843282309,tfidf,False,data protection
62009CJ0543,62006CJ0275,0.3497149918331814,tfidf,False,data protection
62009CJ0543,62006CJ0301,0.34780325123359696,tfidf,False,data protection
62009CJ0543,62012CJ0119,0.3470341054815202,tfidf,False,data protection
62009CJ0543,62007CJ0553,0.3416672915422935,tfidf,False,data protection
62009CJ0543,62010CJ0468,0.3349335574172776,tfidf,False,data protection
62009CJ0543,62007CJ0073,0.32103142014828084,tfidf,False,data protection
62009CJ0543,62014CJ0201,0.3100038352633444,tfidf,False,data protection
62009CJ0543,62009CJ0099,0.30856317558980284,tfidf,False,data protection
62009CJ0543,62014CJ0001,0.3078700909010536,tfidf,False,data protection
62009CJ0543,61998CJ0324,0.3030016549408314,tfidf,False,data protection
62009CJ0543,62000CJ0146,0.30108700887742224,tfidf,False,data protection
62009CJ0543,62012CJ0141,0.28888846991129674,tfidf,False,data protection
62009CJ0543,62001CJ0101,0.288573505777036,tfidf,False,data protection
62009CJ0092,62010CJ0468,0.450591457946891,tfidf,True,data protection
62009CJ0092,62016CJ0073,0.413163000277182,tfidf,False,data protection
62009CJ0092,62001CJ0101,0.41002119670070303,tfidf,False,data protection
62009CJ0092,62014CJ0201,0.40932391868633755,tfidf,False,data protection
62009CJ0092,62007CJ0553,0.3987496945160179,tfidf,False,data protection
62009CJ0092,62007CJ0073,0.3986140249313641,tfidf,True,data protection
62009CJ0092,62013CJ0212,0.39017338336131663,tfidf,False,data protection
62009CJ0092,62012CJ0141,0.3800712334180136,tfidf,False,data protection
62009CJ0092,62015CJ0398,0.3796901174070944,tfidf,False,data protection
62009CJ0092,62016CJ0434,0.3674605896344777,tfidf,False,data protection
62009CJ0092,62012CJ0293,0.36495446241064283,tfidf,True,data protection
62009CJ0092,62014CJ0362,0.36113528425408503,tfidf,False,data protection
62009CJ0092,62012CJ0131,0.35299048961924734,tfidf,False,data protection
62009CJ0092,62007CJ0518,0.35178153389193045,tfidf,False,data protection
62009CJ0092,62006CJ0524,0.345675672314044,tfidf,False,data protection
62009CJ0092,62014CJ0230,0.3411298058334136,tfidf,False,data protection
62009CJ0092,62017CJ0345,0.3395636254892156,tfidf,False,data protection
62009CJ0092,62015CJ0203,0.33723310155508934,tfidf,False,data protection
62009CJ0092,62012CJ0473,0.3333800058396432,tfidf,True,data protection
62009CJ0092,62008CJ0028,0.330489887501172,tfidf,True,data protection
62015CJ0203,62012CJ0293,0.8557292857310652,tfidf,False,data protection
62015CJ0203,62006CJ0301,0.7630026247706823,tfidf,False,data protection
62015CJ0203,62010CJ0461,0.707509948605727,tfidf,False,data protection
62015CJ0203,62006CJ0275,0.6689849299580137,tfidf,False,data protection
62015CJ0203,62012CJ0119,0.630884289058862,tfidf,False,data protection
62015CJ0203,62007CJ0553,0.5917756929594953,tfidf,False,data protection
62015CJ0203,62010CJ0468,0.5625447297555417,tfidf,False,data protection
62015CJ0203,62014CJ0201,0.5417781891124217,tfidf,False,data protection
62015CJ0203,62016CJ0073,0.5213055878464091,tfidf,False,data protection
62015CJ0203,62009CJ0185,0.516677847126202,tfidf,False,data protection
62015CJ0203,62012CJ0141,0.516579308002839,tfidf,False,data protection
62015CJ0203,62007CJ0073,0.4979910033592068,tfidf,False,data protection
62015CJ0203,62016CJ0434,0.4978596586172793,tfidf,False,data protection
62015CJ0203,62007CO0557,0.4954871904555414,tfidf,False,data protection
62015CJ0203,62015CJ0398,0.4817912535611194,tfidf,False,data protection
62015CJ0203,62001CJ0101,0.4763928655213074,tfidf,False,data protection
62015CJ0203,62009CJ0211,0.4686312529615757,tfidf,False,data protection
62015CJ0203,62012CJ0486,0.4648510257700866,tfidf,False,data protection
62015CJ0203,62014CJ0362,0.46028364946121086,tfidf,False,data protection
62015CJ0203,62013CJ0212,0.4545880122997191,tfidf,False,data protection
62013CO0683,62013CO0089,0.734733881528779,tfidf,False,data protection
62013CO0683,62016CO0653,0.7235836314573894,tfidf,False,data protection
62013CO0683,62014CJ0262,0.7202542260470343,tfidf,False,data protection
62013CO0683,62012CO0178,0.7137436366998534,tfidf,False,data protection
62013CO0683,62015CO0697,0.7096036076746102,tfidf,False,data protection
62013CO0683,62016CO0162,0.7058990474586109,tfidf,False,data protection
62013CO0683,62016CO0027,0.7057949113812315,tfidf,False,data protection
62013CO0683,62016CO0140,0.7031958897134012,tfidf,False,data protection
62013CO0683,62016CO0508,0.7004118644474475,tfidf,False,data protection
62013CO0683,62015CO0328,0.6992591352326176,tfidf,False,data protection
62013CO0683,62014CO0086,0.6923454857486683,tfidf,False,data protection
62013CO0683,62015CO0510,0.6907010624330584,tfidf,False,data protection
62013CO0683,62017CO0321,0.690211668923965,tfidf,False,data protection
62013CO0683,62014CO0152,0.6898684828320074,tfidf,False,data protection
62013CO0683,62013CO0014,0.6848398006944665,tfidf,False,data protection
62013CO0683,62012CO0312,0.6845650019641087,tfidf,False,data protection
62013CO0683,62017CJ0543,0.6841194720439425,tfidf,False,data protection
62013CO0683,62013CO0050,0.6816093353477499,tfidf,False,data protection
62013CO0683,62011CJ0445,0.6809721078042607,tfidf,False,data protection
62013CO0683,62016CO0232,0.6803107524467372,tfidf,False,data protection
62016CJ0073,62010CJ0468,0.7054662028606676,tfidf,True,data protection
62016CJ0073,62014CJ0201,0.6734059969293156,tfidf,False,data protection
62016CJ0073,62007CJ0553,0.6439944643809703,tfidf,False,data protection
62016CJ0073,62013CJ0212,0.6264312744815419,tfidf,False,data protection
62016CJ0073,62001CJ0101,0.6104725774897999,tfidf,False,data protection
62016CJ0073,62007CJ0073,0.6082668391511074,tfidf,False,data protection
62016CJ0073,62015CJ0398,0.6073224656178127,tfidf,False,data protection
62016CJ0073,62012CJ0141,0.6062371389163179,tfidf,True,data protection
62016CJ0073,62016CJ0434,0.5885942162637391,tfidf,False,data protection
62016CJ0073,62014CJ0230,0.5616868428834796,tfidf,False,data protection
62016CJ0073,62014CJ0362,0.556032895416513,tfidf,False,data protection
62016CJ0073,62012CJ0131,0.5440614501124923,tfidf,False,data protection
62016CJ0073,62012CJ0486,0.5425901945280517,tfidf,False,data protection
62016CJ0073,62016CJ0013,0.5382408245654489,tfidf,False,data protection
62016CJ0073,62017CJ0040,0.5298958290706285,tfidf,False,data protection
62016CJ0073,62006CJ0524,0.528465387869471,tfidf,True,data protection
62016CJ0073,62007CJ0518,0.5262691840645197,tfidf,False,data protection
62016CJ0073,62012CJ0473,0.5241949836354888,tfidf,False,data protection
62016CJ0073,62017CJ0345,0.5223608685048292,tfidf,False,data protection
62016CJ0073,62015CJ0203,0.5213055878464091,tfidf,False,data protection
62014CJ0230,62010CJ0468,0.6307606715161626,tfidf,False,data protection
62014CJ0230,62014CJ0201,0.606370375434997,tfidf,False,data protection
62014CJ0230,62013CJ0212,0.5823621996305833,tfidf,False,data protection
62014CJ0230,62007CJ0518,0.5778217811578981,tfidf,False,data protection
62014CJ0230,62012CJ0131,0.5747141012913648,tfidf,False,data protection
62014CJ0230,62001CJ0101,0.5742760936887926,tfidf,True,data protection
62014CJ0230,62007CJ0553,0.5742227170764045,tfidf,False,data protection
62014CJ0230,62015CJ0398,0.5695273078410913,tfidf,False,data protection
62014CJ0230,62016CJ0073,0.5616868428834796,tfidf,False,data protection
62014CJ0230,62016CJ0434,0.5484719471595806,tfidf,False,data protection
62014CJ0230,62016CJ0210,0.521082267018858,tfidf,False,data protection
62014CJ0230,62017CJ0040,0.5209002382479394,tfidf,False,data protection
62014CJ0230,62007CJ0073,0.5176915793871103,tfidf,False,data protection
62014CJ0230,62012CJ0141,0.5071693229178807,tfidf,False,data protection
62014CJ0230,62014CJ0362,0.5000684675312101,tfidf,False,data protection
62014CJ0230,62006CJ0524,0.49718589455992257,tfidf,False,data protection
62014CJ0230,62016CJ0013,0.48110787695849866,tfidf,False,data protection
62014CJ0230,62012CJ0473,0.4788017391197463,tfidf,False,data protection
62014CJ0230,62012CJ0486,0.4770903752598039,tfidf,False,data protection
62014CJ0230,62012CJ0342,0.46579293509064584,tfidf,False,data protection
62014CJ0362,62010CJ0468,0.6135682821044027,tfidf,False,data protection
62014CJ0362,62001CJ0101,0.5944669764678873,tfidf,True,data protection
62014CJ0362,62007CJ0518,0.5696027862975059,tfidf,False,data protection
62014CJ0362,62016CJ0073,0.556032895416513,tfidf,False,data protection
62014CJ0362,62013CJ0212,0.5388748751016071,tfidf,True,data protection
62014CJ0362,62015CJ0398,0.532849901170297,tfidf,True,data protection
62014CJ0362,62014CJ0201,0.5259566128018641,tfidf,False,data protection
62014CJ0362,62007CJ0553,0.5212881850550135,tfidf,True,data protection
62014CJ0362,62016CJ0434,0.5144884782971507,tfidf,False,data protection
62014CJ0362,62012CJ0141,0.5114528638614473,tfidf,False,data protection
62014CJ0362,62007CJ0073,0.5097444317573517,tfidf,False,data protection
62014CJ0362,62014CJ0230,0.5000684675312101,tfidf,False,data protection
62014CJ0362,62012CJ0473,0.48736221298366933,tfidf,False,data protection
62014CJ0362,62012CJ0293,0.4776153597152887,tfidf,False,data protection
62014CJ0362,62012CJ0486,0.4726447380319807,tfidf,False,data protection
62014CJ0362,62017CJ0040,0.46832473863456825,tfidf,False,data protection
62014CJ0362,62006CJ0524,0.46291684598657623,tfidf,False,data protection
62014CJ0362,62006CJ0275,0.46176058209779625,tfidf,False,data protection
62014CJ0362,62012CJ0131,0.46083211810366204,tfidf,False,data protection
62014CJ0362,62015CJ0203,0.46028364946121086,tfidf,False,data protection
62010CJ0070,62010CJ0360,0.6602437102442253,tfidf,True,data protection
62010CJ0070,62007CO0557,0.47893747465095265,tfidf,False,data protection
62010CJ0070,62006CJ0275,0.4786756551236822,tfidf,True,data protection
62010CJ0070,62012CJ0314,0.4235649073032368,tfidf,True,data protection
62010CJ0070,62014CJ0484,0.40978433671310727,tfidf,True,data protection
62010CJ0070,62017CJ0149,0.38757902999605964,tfidf,False,data protection
62010CJ0070,62010CJ0461,0.3867248753403725,tfidf,False,data protection
62010CJ0070,62013CJ0580,0.2941015699897282,tfidf,False,data protection
62010CJ0070,62015CJ0203,0.2868998013151232,tfidf,False,data protection
62010CJ0070,62012CJ0293,0.28361008979560104,tfidf,False,data protection
62010CJ0070,62015CJ0494,0.28326433340894225,tfidf,False,data protection
62010CJ0070,62004CJ0479,0.26546615860970724,tfidf,False,data protection
62010CJ0070,62015CJ0427,0.2521127140007697,tfidf,False,data protection
62010CJ0070,62012CJ0475,0.250945648573173,tfidf,False,data protection
62010CJ0070,62013CJ0291,0.24773176317882642,tfidf,False,data protection
62010CJ0070,62004CJ0217,0.24288639037514442,tfidf,False,data protection
62010CJ0070,62012CJ0435,0.2396102542766184,tfidf,False,data protection
62010CJ0070,61987CJ0395,0.2384448559694733,tfidf,False,data protection
62010CJ0070,62013CJ0279,0.23690314599416382,tfidf,False,data protection
62010CJ0070,62009CJ0168,0.2353318063478055,tfidf,False,data protection
62014CJ0582,62010CJ0468,0.5602893421709161,tfidf,False,data protection
62014CJ0582,62001CJ0101,0.5458465018406067,tfidf,True,data protection
62014CJ0582,62007CJ0553,0.534699197211474,tfidf,False,data protection
62014CJ0582,62014CJ0201,0.5268369513394061,tfidf,False,data protection
62014CJ0582,62017CJ0040,0.5077361916122219,tfidf,True,data protection
62014CJ0582,62013CJ0212,0.5024031858809436,tfidf,False,data protection
62014CJ0582,62007CJ0073,0.49340170206262995,tfidf,True,data protection
62014CJ0582,62010CJ0461,0.49230561237514414,tfidf,False,data protection
62014CJ0582,62016CJ0434,0.47903599704333993,tfidf,True,data protection
62014CJ0582,62016CJ0073,0.47611851311087655,tfidf,False,data protection
62014CJ0582,62012CJ0293,0.46553127415035706,tfidf,False,data protection
62014CJ0582,62015CJ0398,0.46506852771003937,tfidf,False,data protection
62014CJ0582,62012CJ0141,0.45365923653414725,tfidf,False,data protection
62014CJ0582,62012CJ0131,0.4526752319029347,tfidf,False,data protection
62014CJ0582,62014CJ0230,0.4438442494325942,tfidf,False,data protection
62014CJ0582,62012CJ0119,0.4422863033450384,tfidf,False,data protection
62014CJ0582,62016CJ0013,0.44087346820519535,tfidf,True,data protection
62014CJ0582,62015CJ0203,0.4378798408322234,tfidf,False,data protection
62014CJ0582,62012CJ0486,0.4272616353799196,tfidf,False,data protection
62014CJ0582,62017CJ0345,0.4221331693142426,tfidf,False,data protection
62012CJ0119,62015CJ0203,0.630884289058862,tfidf,False,data protection
62012CJ0119,62012CJ0293,0.5702841560104703,tfidf,False,data protection
62012CJ0119,62010CJ0461,0.540895082300675,tfidf,False,data protection
62012CJ0119,62006CJ0275,0.5363781054892015,tfidf,True,data protection
62012CJ0119,62010CJ0468,0.5259783003167675,tfidf,False,data protection
62012CJ0119,62007CJ0553,0.5205452355608212,tfidf,False,data protection
62012CJ0119,62014CJ0201,0.5141420816535434,tfidf,False,data protection
62012CJ0119,62006CJ0301,0.5062328090458367,tfidf,False,data protection
62012CJ0119,62007CJ0073,0.462448897713891,tfidf,False,data protection
62012CJ0119,62013CJ0212,0.4521439366622049,tfidf,False,data protection
62012CJ0119,62016CJ0434,0.44816172419485273,tfidf,False,data protection
62012CJ0119,62015CJ0398,0.4470575197937035,tfidf,False,data protection
62012CJ0119,62016CJ0073,0.4464518889273255,tfidf,False,data protection
62012CJ0119,62001CJ0101,0.44444060669558233,tfidf,False,data protection
62012CJ0119,62014CJ0582,0.4422863033450384,tfidf,False,data protection
62012CJ0119,62014CJ0230,0.43586105380726486,tfidf,False,data protection
62012CJ0119,62012CJ0141,0.4333286005941062,tfidf,False,data protection
62012CJ0119,62017CJ0040,0.4183220103337337,tfidf,False,data protection
62012CJ0119,62012CJ0131,0.4136153167614591,tfidf,False,data protection
62012CJ0119,62007CO0557,0.412202470637612,tfidf,False,data protection
62016CJ0434,62007CJ0553,0.6830538141420509,tfidf,True,data protection
62016CJ0434,62010CJ0468,0.676383739795556,tfidf,False,data protection
62016CJ0434,62014CJ0201,0.648749749003887,tfidf,False,data protection
62016CJ0434,62012CJ0141,0.6046168026971559,tfidf,False,data protection
62016CJ0434,62013CJ0212,0.5945689343366705,tfidf,False,data protection
62016CJ0434,62015CJ0398,0.5887681950047599,tfidf,False,data protection
62016CJ0434,62016CJ0073,0.5885942162637391,tfidf,False,data protection
62016CJ0434,62001CJ0101,0.5858690519118488,tfidf,False,data protection
62016CJ0434,62007CJ0073,0.569490899640927,tfidf,False,data protection
62016CJ0434,62012CJ0486,0.5567236835936323,tfidf,False,data protection
62016CJ0434,62014CJ0230,0.5484719471595806,tfidf,False,data protection
62016CJ0434,62012CJ0131,0.5250611549288942,tfidf,False,data protection
62016CJ0434,62016CJ0013,0.5175187666062727,tfidf,False,data protection
62016CJ0434,62014CJ0362,0.5144884782971507,tfidf,False,data protection
62016CJ0434,62012CJ0473,0.5086072152217233,tfidf,False,data protection
62016CJ0434,62007CJ0518,0.5013633222017772,tfidf,False,data protection
62016CJ0434,62015CJ0203,0.4978596586172793,tfidf,False,data protection
62016CJ0434,62017CJ0040,0.49712212104322173,tfidf,False,data protection
62016CJ0434,62006CJ0524,0.490265689461276,tfidf,False,data protection
62016CJ0434,62012CJ0293,0.48572044348734605,tfidf,False,data protection
62006CJ0524,62010CJ0468,0.5973989125087213,tfidf,True,data protection
62006CJ0524,62015CJ0398,0.5652085439737342,tfidf,False,data protection
62006CJ0524,62014CJ0201,0.5627554166550518,tfidf,False,data protection
62006CJ0524,62001CJ0101,0.5537203743448141,tfidf,True,data protection
62006CJ0524,62007CJ0073,0.5503341841496631,tfidf,False,data protection
62006CJ0524,62013CJ0212,0.548912894644917,tfidf,False,data protection
62006CJ0524,62007CJ0553,0.5410667621595322,tfidf,True,data protection
62006CJ0524,62012CJ0141,0.5305790401312186,tfidf,True,data protection
62006CJ0524,62016CJ0073,0.528465387869471,tfidf,True,data protection
62006CJ0524,62007CJ0518,0.502784157929714,tfidf,False,data protection
62006CJ0524,62014CJ0230,0.49718589455992257,tfidf,False,data protection
62006CJ0524,62016CJ0434,0.490265689461276,tfidf,False,data protection
62006CJ0524,62012CJ0486,0.4635340243577391,tfidf,False,data protection
62006CJ0524,62014CJ0362,0.46291684598657623,tfidf,False,data protection
62006CJ0524,62012CJ0131,0.4577519748284087,tfidf,False,data protection
62006CJ0524,62012CJ0473,0.45401960445835393,tfidf,True,data protection
62006CJ0524,62016CJ0013,0.45260514930300416,tfidf,False,data protection
62006CJ0524,62017CJ0345,0.4382238717229522,tfidf,False,data protection
62006CJ0524,62012CJ0342,0.43661080040318845,tfidf,True,data protection
62006CJ0524,62006CJ0301,0.4363378846148444,tfidf,False,data protection
62001CJ0101,62010CJ0468,0.7443905676089787,tfidf,True,data protection
62001CJ0101,62013CJ0212,0.6671132563760952,tfidf,False,data protection
62001CJ0101,62014CJ0201,0.6469482886230052,tfidf,False,data protection
62001CJ0101,62007CJ0073,0.6430937285803404,tfidf,True,data protection
62001CJ0101,62007CJ0553,0.6183625126417356,tfidf,True,data protection
62001CJ0101,62016CJ0073,0.6104725774897999,tfidf,False,data protection
62001CJ0101,62014CJ0362,0.5944669764678873,tfidf,True,data protection
62001CJ0101,62015CJ0398,0.591237723602461,tfidf,False,data protection
62001CJ0101,62016CJ0434,0.5858690519118488,tfidf,False,data protection
62001CJ0101,62012CJ0131,0.5820409483188218,tfidf,True,data protection
62001CJ0101,62012CJ0473,0.5791517769485593,tfidf,True,data protection
62001CJ0101,62007CJ0518,0.5767873839788987,tfidf,False,data protection
62001CJ0101,62012CJ0141,0.5761039198239117,tfidf,False,data protection
62001CJ0101,62014CJ0230,0.5742760936887926,tfidf,True,data protection
62001CJ0101,62017CJ0345,0.5598956524335356,tfidf,False,data protection
62001CJ0101,62012CJ0486,0.5591466181252136,tfidf,False,data protection
62001CJ0101,62006CJ0524,0.5537203743448141,tfidf,True,data protection
62001CJ0101,62014CJ0582,0.5458465018406067,tfidf,True,data protection
62001CJ0101,62017CJ0040,0.5304856142019511,tfidf,False,data protection
62001CJ0101,62017CJ0025,0.5273736354244976,tfidf,False,data protection
62013CO0683,62013CO0089,0.734733881528779,tfidf,False,data protection
62013CO0683,62016CO0653,0.7235836314573894,tfidf,False,data protection
62013CO0683,62014CJ0262,0.7202542260470343,tfidf,False,data protection
62013CO0683,62012CO0178,0.7137436366998534,tfidf,False,data protection
62013CO0683,62015CO0697,0.7096036076746102,tfidf,False,data protection
62013CO0683,62016CO0162,0.7058990474586109,tfidf,False,data protection
62013CO0683,62016CO0027,0.7057949113812315,tfidf,False,data protection
62013CO0683,62016CO0140,0.7031958897134012,tfidf,False,data protection
62013CO0683,62016CO0508,0.7004118644474475,tfidf,False,data protection
62013CO0683,62015CO0328,0.6992591352326176,tfidf,False,data protection
62013CO0683,62014CO0086,0.6923454857486683,tfidf,False,data protection
62013CO0683,62015CO0510,0.6907010624330584,tfidf,False,data protection
62013CO0683,62017CO0321,0.690211668923965,tfidf,False,data protection
62013CO0683,62014CO0152,0.6898684828320074,tfidf,False,data protection
62013CO0683,62013CO0014,0.6848398006944665,tfidf,False,data protection
62013CO0683,62012CO0312,0.6845650019641087,tfidf,False,data protection
62013CO0683,62017CJ0543,0.6841194720439425,tfidf,False,data protection
62013CO0683,62013CO0050,0.6816093353477499,tfidf,False,data protection
62013CO0683,62011CJ0445,0.6809721078042607,tfidf,False,data protection
62013CO0683,62016CO0232,0.6803107524467372,tfidf,False,data protection
